state_index,convergence_exponent_p,log_prefactor
0,3.9885610887713505,-3.5412919896781982
1,4.003305024191344,0.7085976646160628
2,3.9808530283418344,3.020403921044384
