state_index,convergence_exponent_p,log_prefactor
0,3.936149580580717,-3.7601350713690236
1,4.004447187956999,0.7134508667409811
2,3.9808376319448215,3.0203487351653333
3,4.000248698908123,4.854948027798985
