state_index,convergence_exponent_p,log_prefactor
0,4.038788735427499,-5.060515073169989
1,4.01798807188165,-2.4679958026687436
2,4.008353177247081,-1.04566175307687
3,4.000167320445185,-0.09217158389160172
