state_index,convergence_exponent_p,log_prefactor
0,5.295059122380259,2.511339099395584
1,3.9726264723157585,-3.726011870163229
2,4.567963615051976,1.370250755599884
3,3.997519595033177,-1.413176172720759
