state_index,parity,numerical_energy,exact_energy,relative_error
0,even,0.4999999999996893,0.5,6.213918268827001e-13
1,odd,1.4999999999965823,1.5,2.2784737060040547e-12
2,even,2.499999999983533,2.5,6.586731160496129e-12
3,odd,3.499999999973591,3.5,7.54545632324672e-12
