state_index,convergence_exponent_p,log_prefactor
0,4.175211400475906,-0.16445947590664167
1,3.9528970130195487,-1.3387990685460223
2,4.553933094266039,3.4199065522955827
3,5.666056627033075,9.627450606823023
