state_index,parity,rk4_energy,exact_energy,absolute_error,relative_error
0,even,0.5000000000107236,0.5,1.0723644194854387e-11,2.1447288389708774e-11
1,odd,1.500000000155259,1.5,1.552589168341001e-10,1.0350594455606672e-10
2,even,2.5000000006709255,2.5,6.709255373493761e-10,2.6837021493975044e-10
3,odd,3.500000001806696,3.5,1.806696126038787e-09,5.161988931539391e-10
