state_index,parity,energy
0,even,0.8478463984384618
1,odd,3.344466445087653
2,even,7.294436105357884
3,odd,11.78220995551794
