state_index,convergence_exponent_p,log_prefactor
0,1.645012866164565,1.9262283134337148
1,1.6458663051564297,3.281079196519759
2,1.6474151701531923,4.004751975186987
3,1.6458046067680754,3.9072725063206506
