state_index,parity,numerical_energy,exact_energy,relative_error
0,even,1.233700550075555,1.2337005501361697,4.913254392953728e-11
1,odd,4.9348021998862155,4.934802200544679,1.3343260361476814e-10
2,even,11.103304951512024,11.103304951225528,2.580278226955917e-11
3,odd,19.739208802040867,19.739208802178716,6.983503991098325e-12
