state_index,parity,numerical_energy,exact_energy,relative_error
0,even,1.233700550075235,1.2337005501361697,4.9391898823771265e-11
1,odd,4.934802199886642,4.934802200544679,1.333462119775493e-10
2,even,11.103304950680071,11.103304951225528,4.912564459739828e-11
3,odd,19.739208802040473,19.739208802178716,7.003482057205175e-12
