state_index,parity,numerical_energy,exact_energy,relative_error
0,even,1.2324833387730756,1.2337005501361697,0.0009866343684128307
1,odd,4.927568056085965,4.934802200544679,0.001465944158393091
2,even,11.092350026420393,11.103304951225528,0.0009866363981947861
3,odd,19.710272163677757,19.739208802178716,0.0014659472317737853
