state_index,convergence_exponent_p,log_prefactor
0,2.9999776659950457,-1.3702333135259686
1,4.112342825317281,1.1964512028565901
2,3.009414064514905,3.079458829648899
