state_index,parity,numerical_energy,exact_energy,relative_error
0,even,0.5009041296701888,0.5,0.0018082593403776492
1,odd,1.499999999997825,1.5,1.4499512701604544e-12
2,even,2.502258715363805,2.5,0.0009034861455219812
3,odd,3.499999999973591,3.5,7.54545632324672e-12
