state_index,parity,numerical_energy,exact_energy,relative_error
0,even,0.5000000138823766,0.5,2.7764753163239675e-08
1,odd,1.4999999999972038,1.5,1.8641384732139463e-12
2,even,2.500000062456558,2.5,2.4982623259006686e-08
3,odd,3.499999999973591,3.5,7.54545632324672e-12
