x_max,n_grid,h,state_0_abs_error,state_1_abs_error,state_2_abs_error,state_3_abs_error
4.0,1251,0.0032,8.309738230849462e-09,3.0327244315841995e-07,5.2972645794291395e-06,5.9066414568764714e-05
5.0,1563,0.003201024327784891,1.655453552018571e-12,4.71822581005199e-11,1.1742558037042272e-09,1.9622675484498586e-08
6.0,1875,0.0032017075773745998,1.655453552018571e-12,3.0726532429525832e-12,1.59467994365059e-11,2.595745840494601e-11
7.0,2188,0.003200731595793324,1.0825784713119901e-12,3.0726532429525832e-12,1.651967451721248e-11,2.595745840494601e-11
8.0,2500,0.003201280512204882,5.098144129078719e-13,3.0726532429525832e-12,1.651967451721248e-11,2.595745840494601e-11
10.0,3125,0.003201024327784891,1.0825784713119901e-12,2.4997781622460025e-12,1.651967451721248e-11,2.538458332423943e-11
