x_max,n_grid,h,state_0_abs_error,state_1_abs_error,state_2_abs_error,state_3_abs_error
4.0,1251,0.0032,5.557880156104034e-09,3.0327244315841995e-07,5.234867170411661e-06,5.9066414568764714e-05
5.0,1563,0.003201024327784891,1.3876847226867994e-08,4.71822581005199e-11,6.12838761959722e-08,1.9622675484498586e-08
6.0,1875,0.0032017075773745998,1.388601278407009e-08,3.0726532429525832e-12,6.248285666643483e-08,2.595745840494601e-11
7.0,2188,0.003200731595793324,1.3873982851464461e-08,3.0726532429525832e-12,6.242557093472101e-08,2.595745840494601e-11
8.0,2500,0.003201280512204882,1.3881430005469042e-08,3.0726532429525832e-12,6.245707817598145e-08,2.595745840494601e-11
10.0,3125,0.003201024327784891,1.3877419879904096e-08,2.4997781622460025e-12,6.244161143698079e-08,2.538458332423943e-11
