state_index,parity,numerical_energy,exact_energy,relative_error
0,even,0.4999999976862188,0.5,4.627562444348143e-09
1,odd,1.499999999997825,1.5,1.4499512701604544e-12
2,even,2.499999989578197,2.5,4.168721190467295e-09
3,odd,3.4999999999748335,3.5,7.190438720629442e-12
