state_index,convergence_exponent_p,log_prefactor
0,2.9997630701065523,-0.8614046164091322
1,3.9726264723157585,-3.726011870163229
2,2.99918567106164,0.6393110618754665
3,3.997519595033177,-1.413176172720759
