state_index,parity,numerical_energy,exact_energy,relative_error
0,even,0.5000000138814445,0.5,2.776288909878133e-08
1,odd,1.4999999999965823,1.5,2.2784737060040547e-12
2,even,2.50000006245718,2.5,2.4982871948964202e-08
3,odd,3.499999999973591,3.5,7.54545632324672e-12
