state_index,convergence_exponent_p,log_prefactor
0,3.0004329228191127,-2.6492329197348967
1,4.0485290904354265,-3.382364283707652
2,3.0024450760161456,-1.1330510557570281
