state_index,parity,energy,mismatch
0,even,2.357550420109676,-1.6631307776341404e-10
1,odd,2.3596501931018175,4.883351654988012e-11
2,even,6.550440947586662,1.1094074288953998e-11
3,odd,6.686363702231077,-3.3639200024979478e-12
