state_index,parity,energy,mismatch
0,even,2.3572729754773616,8.417469978836155e-06
1,odd,2.3593717648723067,1.998290551625936e-06
2,even,6.548813947107635,4.7586069367906025e-09
3,odd,6.684429504886613,-9.852639150802038e-08
