state_index,parity,energy,mismatch
0,even,2.357272975477853,-1.2464811636719125e-06
1,odd,2.359371764872307,6.047044112835338e-06
2,even,6.5488139471704265,3.595109634053779e-07
3,odd,6.684429504886779,-8.587305666736417e-08
