state_index,convergence_exponent_p,log_prefactor
0,-0.01297996060649816,-8.275752810811985
1,-0.012933823791483811,-8.271908697433965
2,-0.0021938510513779498,-6.435529383215263
3,-0.001847257219049751,-6.260282370840417
