state_index,convergence_exponent_p,log_prefactor
0,4.530239609779267,1.4250576978875382
1,4.105555990926952,-0.6660320933160905
2,3.086242624871576,-2.8456208410843127
3,4.818326474927421,5.010906653147804
