x_max,n_grid,h,state_0_abs_error,state_1_abs_error,state_2_abs_error,state_3_abs_error
2.0,2000,0.0010005002501250625,1.601762300670059,1.6149579359299446,1.9309608991722182,2.7452306436475578
2.5,2500,0.0010004001600640256,0.11404938818739252,0.11443683345999434,0.3062623424926061,0.36487057122444355
3.0,3000,0.0010003334444814939,0.0002775540392074838,0.0002785376263378936,0.0016271098931657235,0.0019343067317887375
3.5,3500,0.0010002857959416976,2.2509470469778137e-06,2.2509237451728836e-06,2.188208995335117e-06,2.17374689270855e-06
4.0,4000,0.001000250062515629,1.6448329556162378e-06,1.6448368387322887e-06,1.644810623702142e-06,1.6448455788520278e-06
5.0,4999,0.0010004001600640256,1.4293684880151147e-06,1.4293791674724332e-06,1.4293558656675032e-06,1.4293733414660892e-06
