state_index,parity,energy,mismatch
0,even,2.3575504201164725,3.5956383353103186e-11
1,odd,2.3596501931027882,-1.8181595210534405e-10
2,even,6.550440947641034,-6.631360001761372e-13
3,odd,6.686363702231077,-3.879517359973941e-12
