state_index,parity,energy
0,even,0.8487806573346981
1,odd,3.344466445087516
2,even,7.301780171826776
3,odd,11.782209955592538
