state_index,parity,energy
0,even,0.8478463981765403
1,odd,3.344466445087516
2,even,7.294436089481351
3,odd,11.782209955520614
