state_index,parity,energy
0,even,0.8478463984382416
1,odd,3.344466445087516
2,even,7.2944361053579065
3,odd,11.782209955518013
