energy,transmission
1.139379474940334,0.9999572198826481
4.3584725536992845,0.9998657330321106
